id,first_name,last_name,email,gender,salary
1,Ranice,Tunaclift,rtunaclift0@bandcamp.com,Female,81272.49
2,Joyann,Travers,jtravers1@timesonline.co.uk,Female,12834.28
3,Jarret,Georgievski,jgeorgievski2@dailymotion.com,Male,91939.28
4,Munroe,Stelfax,mstelfax3@sciencedirect.com,Male,70264.30
5,Dorolisa,Gladdish,dgladdish4@pen.io,Female,11729.44
6,Kattie,Harley,kharley5@zimbio.com,Female,50415.36
7,Malchy,Draayer,mdraayer6@accuweather.com,Male,69793.89
8,Benoite,Gentzsch,bgentzsch7@weather.com,Female,38482.29
9,Durante,Haffner,dhaffner8@imageshack.us,Male,45173.61
10,Jimmy,Metson,jmetson9@google.es,Male,37803.85
11,Tulley,Hyrons,thyronsa@taobao.com,Male,41121.64
12,Ogdon,Claridge,oclaridgeb@php.net,Male,45775.41
13,Storm,Mulqueen,smulqueenc@mozilla.com,Female,94218.35
14,Gerrard,Wedgbrow,gwedgbrowd@artisteer.com,Male,59695.92
15,Xylina,Ianetti,xianettie@wikimedia.org,Female,59980.48
16,Hamlen,Betterton,hbettertonf@g.co,Male,65699.68
17,Alvie,Sings,asingsg@webnode.com,Male,91222.14
18,Lucho,Housby,lhousbyh@redcross.org,Male,12282.48
19,Robin,Causbey,rcausbeyi@friendfeed.com,Male,80118.35
20,Cirilo,Legen,clegenj@aol.com,Male,89012.83
21,Jamaal,Reek,jreekk@umn.edu,Male,98915.22
22,Bernadina,Tonkes,btonkesl@forbes.com,Female,12428.20
23,Korrie,Mellsop,kmellsopm@merriam-webster.com,Female,63972.89
24,Rossie,Eyles,reylesn@army.mil,Male,40708.74
25,Stace,Sowden,ssowdeno@adobe.com,Female,97815.02
26,Lena,Petrov,lpetrovp@wired.com,Female,86246.34
27,Cass,Dubble,cdubbleq@answers.com,Female,40206.52
28,Eadith,Spybey,espybeyr@twitpic.com,Female,68388.59
29,Cletis,Worrill,cworrills@chron.com,Male,95548.07
30,Christabella,Odom,codomt@guardian.co.uk,Female,56171.65
31,Barnard,Punyer,bpunyeru@google.es,Male,44771.61
32,Aindrea,Snartt,asnarttv@flavors.me,Female,26488.23
33,Brooke,Cromblehome,bcromblehomew@people.com.cn,Male,99804.04
34,Eleonore,Hamerton,ehamertonx@soundcloud.com,Female,41618.19
35,Bradley,Naptin,bnaptiny@tripod.com,Male,41097.93
36,Brant,Goscomb,bgoscombz@theglobeandmail.com,Male,49883.02
37,Essie,Codlin,ecodlin10@smh.com.au,Female,98988.78
38,Sallee,Goodlett,sgoodlett11@ucoz.com,Female,71482.12
39,Danica,Chander,dchander12@infoseek.co.jp,Female,38204.65
40,Adan,Keyser,akeyser13@wired.com,Female,43357.83
41,Demetra,Stallion,dstallion14@gmpg.org,Female,74167.53
42,Kennan,Gresley,kgresley15@chicagotribune.com,Male,64103.10
43,Hephzibah,Blakeslee,hblakeslee16@dedecms.com,Female,88995.35
44,Conroy,Heinke,cheinke17@epa.gov,Male,51411.13
45,Afton,Squires,asquires18@digg.com,Female,63173.13
46,Cody,Pierton,cpierton19@blog.com,Male,50653.12
47,Zahara,Merchant,zmerchant1a@soup.io,Female,60715.76
48,Almira,Guerre,aguerre1b@noaa.gov,Female,26561.44
49,Angelle,Jeenes,ajeenes1c@rediff.com,Female,22714.14
50,Addi,Bootell,abootell1d@photobucket.com,Female,28597.96
51,Constantin,Willard,cwillard1e@taobao.com,Male,51652.60
52,Ellynn,Dowzell,edowzell1f@un.org,Female,70220.79
53,Kevin,Goolding,kgoolding1g@shop-pro.jp,Male,81763.88
54,Zarah,O'Caine,zocaine1h@pcworld.com,Female,43498.20
55,Ernestus,Toffano,etoffano1i@spiegel.de,Male,96143.54
56,Aurthur,Lathe,alathe1j@bigcartel.com,Male,28517.55
57,Chevy,Bastie,cbastie1k@tamu.edu,Male,42614.63
58,Filia,Jirsa,fjirsa1l@youtube.com,Female,20126.07
59,Toby,Hollingshead,thollingshead1m@godaddy.com,Female,43957.79
60,Dillie,Sterricker,dsterricker1n@washington.edu,Male,76974.82
61,Joelie,Dobbison,jdobbison1o@goo.ne.jp,Female,90328.84
62,Michail,Inns,minns1p@reference.com,Male,76006.25
63,Barry,Lillyman,blillyman1q@booking.com,Male,75740.89
64,Tulley,Toffts,ttoffts1r@wiley.com,Male,16724.33
65,Jayson,Sher,jsher1s@mozilla.org,Male,56179.33
66,Eddy,Bortolomei,ebortolomei1t@i2i.jp,Male,19851.75
67,Regina,Lemmens,rlemmens1u@whitehouse.gov,Female,45070.90
68,Joan,Gateley,jgateley1v@amazon.com,Female,65610.15
69,Cacilie,Tuttle,ctuttle1w@alexa.com,Female,86771.84
70,Hebert,Dalligan,hdalligan1x@123-reg.co.uk,Male,85390.36
71,Kippy,Rahl,krahl1y@newyorker.com,Male,10168.21
72,Alessandra,Toe,atoe1z@stumbleupon.com,Female,81786.41
73,Con,Ozintsev,cozintsev20@youtu.be,Male,63831.23
74,Leeann,St. Queintain,lstqueintain21@blogspot.com,Female,44856.64
75,Clive,Cubbit,ccubbit22@ucsd.edu,Male,80080.79
76,Bibbie,Gentle,bgentle23@epa.gov,Female,75632.20
77,Guinevere,Sutherden,gsutherden24@lulu.com,Female,92429.76
78,Marin,Jeune,mjeune25@tuttocitta.it,Female,46594.27
79,Candi,Losselyong,closselyong26@wikispaces.com,Female,40651.07
80,Dorisa,Danaher,ddanaher27@sfgate.com,Female,64275.96
81,Modesta,Smeaton,msmeaton28@tinypic.com,Female,51807.32
82,Konstantin,Tomblin,ktomblin29@sakura.ne.jp,Male,22751.26
83,Emmy,Finlater,efinlater2a@elpais.com,Female,24109.88
84,Laurens,Testro,ltestro2b@pagesperso-orange.fr,Male,17582.29
85,Tony,Carse,tcarse2c@about.me,Female,55141.38
86,Brooks,Storek,bstorek2d@chicagotribune.com,Male,98230.40
87,Dilan,Archibould,darchibould2e@upenn.edu,Male,90371.13
88,Emma,Camamill,ecamamill2f@zimbio.com,Female,21392.80
89,Dotty,Barnaclough,dbarnaclough2g@webmd.com,Female,84673.63
90,Teddy,Brusby,tbrusby2h@examiner.com,Female,34635.95
91,Zak,Baynam,zbaynam2i@loc.gov,Male,27689.47
92,Monroe,Camfield,mcamfield2j@smh.com.au,Male,63848.57
93,Sander,Colin,scolin2k@wordpress.com,Male,77334.78
94,Cly,Outridge,coutridge2l@msu.edu,Male,25427.37
95,Brigid,Buckoke,bbuckoke2m@g.co,Female,65202.67
96,Reed,Scoullar,rscoullar2n@weather.com,Male,86124.04
97,Ira,Genery,igenery2o@bandcamp.com,Female,68252.28
98,Bess,Danzelman,bdanzelman2p@who.int,Female,71615.55
99,Rolph,Manginot,rmanginot2q@simplemachines.org,Male,14433.83
100,Nicky,Meighan,nmeighan2r@1688.com,Female,64291.46
101,Glynn,Kuna,gkuna2s@apple.com,Male,55252.14
102,Belva,Murkitt,bmurkitt2t@vinaora.com,Female,70945.31
103,Tiff,Brounsell,tbrounsell2u@ehow.com,Female,92538.05
104,Feliza,Foulser,ffoulser2v@ezinearticles.com,Female,53945.89
105,Adorne,Sorrel,asorrel2w@nationalgeographic.com,Female,55921.68
106,Brita,Yarranton,byarranton2x@shareasale.com,Female,72536.55
107,Jake,Westmacott,jwestmacott2y@psu.edu,Male,50921.68
108,Caddric,MacAlester,cmacalester2z@cloudflare.com,Male,76630.66
109,Libby,Hebblewaite,lhebblewaite30@netvibes.com,Female,55982.33
110,Lilias,Keuning,lkeuning31@cbc.ca,Female,76510.99
111,Cale,Purkiss,cpurkiss32@toplist.cz,Male,17072.43
112,Tannie,Sowden,tsowden33@umn.edu,Male,40408.02
113,Addy,Masseo,amasseo34@networksolutions.com,Male,77040.81
114,Serene,Stileman,sstileman35@cnbc.com,Female,77873.40
115,Munmro,Lagadu,mlagadu36@prlog.org,Male,69786.76
116,Dolli,Shory,dshory37@utexas.edu,Female,39899.06
117,Hildegaard,Drysdell,hdrysdell38@aboutads.info,Female,83705.71
118,Byrle,Eakle,beakle39@nationalgeographic.com,Male,73510.78
119,Sydney,Larham,slarham3a@accuweather.com,Female,77038.43
120,Papageno,Purchon,ppurchon3b@deliciousdays.com,Male,66964.63
121,Julia,Brimilcome,jbrimilcome3c@list-manage.com,Female,37589.06
122,Kirstyn,McGaughey,kmcgaughey3d@furl.net,Female,35624.26
123,Maurie,Tiddy,mtiddy3e@google.ca,Male,78760.36
124,Aurea,Endacott,aendacott3f@shinystat.com,Female,73820.32
125,Lola,Toderi,ltoderi3g@smh.com.au,Female,95518.87
126,Brynn,Pieroni,bpieroni3h@yandex.ru,Female,67239.81
127,Sax,Rolfo,srolfo3i@tuttocitta.it,Male,68990.19
128,Libbey,Shallo,lshallo3j@instagram.com,Female,31498.31
129,Sallee,McFade,smcfade3k@cbsnews.com,Female,23379.15
130,Amalee,Brouncker,abrouncker3l@opensource.org,Female,60703.82
131,Bette,Nancekivell,bnancekivell3m@statcounter.com,Female,28196.55
132,Giusto,Etchell,getchell3n@dmoz.org,Male,86081.44
133,Lanny,Corn,lcorn3o@freewebs.com,Female,51187.42
134,Everard,Pidgeon,epidgeon3p@gmpg.org,Male,60646.67
135,Whitby,Stonham,wstonham3q@over-blog.com,Male,78961.82
136,Antonie,Craker,acraker3r@amazon.co.jp,Female,42818.79
137,Merry,Pairpoint,mpairpoint3s@github.com,Male,14191.74
138,Lucilia,Gretton,lgretton3t@cisco.com,Female,58787.63
139,Allissa,Giacometti,agiacometti3u@facebook.com,Female,41332.85
140,Laverna,Karpenko,lkarpenko3v@elegantthemes.com,Female,19753.94
141,Gilligan,Bewshea,gbewshea3w@europa.eu,Female,58115.49
142,Rosalyn,Edgley,redgley3x@answers.com,Female,20536.40
143,Paten,Elfes,pelfes3y@google.it,Male,95225.09
144,Natale,Renol,nrenol3z@mtv.com,Male,95349.88
145,Jens,Sone,jsone40@wsj.com,Male,51106.77
146,Bobbye,Powley,bpowley41@fastcompany.com,Female,16465.06
147,Porter,Feldbrin,pfeldbrin42@gov.uk,Male,14624.21
148,Hillyer,Frantz,hfrantz43@cbc.ca,Male,11489.68
149,Lelia,Sidney,lsidney44@chicagotribune.com,Female,27419.70
150,Kittie,Theuff,ktheuff45@sakura.ne.jp,Female,19136.89
151,Rhona,McGrae,rmcgrae46@independent.co.uk,Female,30210.49
152,Karlan,Geram,kgeram47@google.co.uk,Male,38082.14
153,Ginger,Kolin,gkolin48@flickr.com,Male,42647.82
154,Ursala,Tough,utough49@senate.gov,Female,50779.39
155,Dunstan,Shevell,dshevell4a@tuttocitta.it,Male,36096.83
156,Eba,Burnep,eburnep4b@thetimes.co.uk,Female,96591.97
157,Darcie,Ellerbeck,dellerbeck4c@weather.com,Female,95516.86
158,Elbertine,Cornilli,ecornilli4d@homestead.com,Female,43546.28
159,Nichole,Peterson,npeterson4e@is.gd,Male,19317.42
160,Justin,Kinsella,jkinsella4f@ameblo.jp,Male,41026.68
161,Antonio,Georgeson,ageorgeson4g@omniture.com,Male,54592.22
162,Brandy,Bouskill,bbouskill4h@ifeng.com,Male,32141.62
163,Urban,Tavener,utavener4i@jigsy.com,Male,84025.22
164,Albie,Tuer,atuer4j@amazon.de,Male,66169.22
165,Hilario,Citrine,hcitrine4k@disqus.com,Male,45001.77
166,Alwyn,Rodwell,arodwell4l@bluehost.com,Male,53959.73
167,Ag,Tailby,atailby4m@yale.edu,Female,44840.00
168,Nollie,Dumphy,ndumphy4n@eepurl.com,Female,18502.37
169,Gabby,Fenner,gfenner4o@list-manage.com,Male,66722.99
170,Slade,Thireau,sthireau4p@harvard.edu,Male,15664.05
171,Gabey,Doughill,gdoughill4q@wikipedia.org,Female,74205.14
172,Tobi,Pell,tpell4r@google.ca,Female,14030.48
173,Hyacinthia,Spellicy,hspellicy4s@icio.us,Female,52146.70
174,Judon,Wisham,jwisham4t@live.com,Male,62632.02
175,Anya,Farre,afarre4u@baidu.com,Female,10097.10
176,Nicola,Gillbe,ngillbe4v@google.cn,Male,30005.23
177,Ariella,Audas,aaudas4w@dell.com,Female,83924.03
178,Emmett,Quigg,equigg4x@vistaprint.com,Male,74470.15
179,Bogey,Badsworth,bbadsworth4y@ted.com,Male,45211.11
180,Whitman,Northleigh,wnorthleigh4z@goo.gl,Male,13565.85
181,Ferdie,Grimsditch,fgrimsditch50@ebay.co.uk,Male,12144.67
182,Winnie,Counihan,wcounihan51@marketwatch.com,Male,99546.41
183,Illa,Royle,iroyle52@java.com,Female,44129.02
184,Jeffie,Shory,jshory53@guardian.co.uk,Male,53991.21
185,Alfy,Gartside,agartside54@dion.ne.jp,Male,58528.03
186,Alane,Scougal,ascougal55@dailymotion.com,Female,17549.46
187,Tanney,Fountain,tfountain56@devhub.com,Male,62684.00
188,Alejandro,Goodley,agoodley57@icio.us,Male,28243.07
189,Izabel,Slocombe,islocombe58@buzzfeed.com,Female,74006.27
190,Diana,Luscott,dluscott59@mozilla.org,Female,57652.03
191,Hali,Barnewille,hbarnewille5a@paypal.com,Female,21366.66
192,Winnifred,McWhorter,wmcwhorter5b@bigcartel.com,Female,31217.72
193,Tucker,Dolder,tdolder5c@meetup.com,Male,32323.90
194,Ferdie,O'Fogerty,fofogerty5d@purevolume.com,Male,31326.22
195,Neall,McTerrelly,nmcterrelly5e@list-manage.com,Male,28913.98
196,Aube,Brelsford,abrelsford5f@ehow.com,Male,17593.55
197,Ram,Hunnam,rhunnam5g@topsy.com,Male,10065.30
198,Hermon,Artrick,hartrick5h@gnu.org,Male,52380.19
199,Etan,Rawe,erawe5i@sitemeter.com,Male,13513.74
200,Hagan,Fudger,hfudger5j@theguardian.com,Male,16758.52
201,Reeba,Ballinger,rballinger5k@hc360.com,Female,80214.14
202,Dewitt,Dahle,ddahle5l@ameblo.jp,Male,20165.61
203,Rani,MacGibbon,rmacgibbon5m@amazon.co.jp,Female,35430.75
204,Joyous,Yendall,jyendall5n@yelp.com,Female,64563.77
205,Timofei,Cockerton,tcockerton5o@uiuc.edu,Male,34209.62
206,Lena,Van der Brug,lvanderbrug5p@360.cn,Female,32529.33
207,Sheree,Hawler,shawler5q@msu.edu,Female,67803.85
208,Kacy,Blackbourn,kblackbourn5r@nyu.edu,Female,38609.62
209,Arvin,Topley,atopley5s@ft.com,Male,68964.30
210,Levon,Dugdale,ldugdale5t@technorati.com,Male,26667.47
211,Herbert,Tallach,htallach5u@nymag.com,Male,82140.06
212,Cirilo,Simonel,csimonel5v@flickr.com,Male,39073.73
213,Hieronymus,Garland,hgarland5w@house.gov,Male,40673.18
214,Janella,Langcaster,jlangcaster5x@hatena.ne.jp,Female,61653.10
215,Morten,Nyland,mnyland5y@drupal.org,Male,25223.66
216,Carie,Cottel,ccottel5z@ycombinator.com,Female,87464.69
217,Adora,Cresar,acresar60@oracle.com,Female,52070.29
218,Lindsay,Eldred,leldred61@360.cn,Female,19590.46
219,Joanna,Giffkins,jgiffkins62@tumblr.com,Female,91573.51
220,Abeu,McGenis,amcgenis63@theatlantic.com,Male,48824.62
221,Lenci,Bolwell,lbolwell64@ycombinator.com,Male,91928.76
222,Madge,Parminter,mparminter65@europa.eu,Female,53405.92
223,Domeniga,Skipping,dskipping66@imgur.com,Female,22259.42
224,Bell,Laux,blaux67@goodreads.com,Female,67445.61
225,Farly,Dalling,fdalling68@harvard.edu,Male,83318.57
226,Courtney,Pietesch,cpietesch69@salon.com,Male,86167.21
227,Ethelin,Edis,eedis6a@dyndns.org,Female,14106.69
228,Webster,Grugerr,wgrugerr6b@utexas.edu,Male,19111.55
229,Peter,Blackater,pblackater6c@weebly.com,Male,64931.06
230,Spike,Finker,sfinker6d@simplemachines.org,Male,66162.42
231,Bradan,Gregs,bgregs6e@mit.edu,Male,41148.23
232,Honoria,McCowen,hmccowen6f@pbs.org,Female,33195.52
233,Julissa,Chellam,jchellam6g@ask.com,Female,77803.38
234,Tiffie,De Few,tdefew6h@dot.gov,Female,11061.64
235,Harp,Goodhay,hgoodhay6i@furl.net,Male,26876.17
236,Vin,Govey,vgovey6j@oakley.com,Female,14854.77
237,Ailee,Malloch,amalloch6k@yahoo.com,Female,40821.77
238,Celine,Martino,cmartino6l@unblog.fr,Female,80915.16
239,Gaspar,MacConchie,gmacconchie6m@360.cn,Male,28505.19
240,Ches,Arnecke,carnecke6n@digg.com,Male,41389.99
241,Lolita,Scarlet,lscarlet6o@flickr.com,Female,62798.18
242,Debora,Dadswell,ddadswell6p@fotki.com,Female,16157.37
243,Caritta,Nettles,cnettles6q@yale.edu,Female,81150.43
244,Lilas,Philimore,lphilimore6r@moonfruit.com,Female,29097.55
245,Shantee,Noquet,snoquet6s@msn.com,Female,26075.55
246,Leighton,Rowsell,lrowsell6t@un.org,Male,15225.95
247,Valeda,McGowing,vmcgowing6u@sitemeter.com,Female,79181.43
248,Kyla,Burchmore,kburchmore6v@hhs.gov,Female,37644.52
249,Brice,Gilfoy,bgilfoy6w@stumbleupon.com,Male,22250.95
250,Curtice,Iles,ciles6x@businessweek.com,Male,49881.99
251,Alfredo,Audley,aaudley6y@ehow.com,Male,38740.87
252,Cheston,Grimmolby,cgrimmolby6z@mozilla.com,Male,23838.17
253,Constancia,Thom,cthom70@unc.edu,Female,51753.94
254,Marius,Tefft,mtefft71@plala.or.jp,Male,34223.46
255,Reeva,Daynter,rdaynter72@google.com.br,Female,28414.68
256,Isabelle,Dow,idow73@slashdot.org,Female,13730.25
257,Trefor,Cornick,tcornick74@sbwire.com,Male,30725.64
258,Katleen,Kennally,kkennally75@kickstarter.com,Female,66800.74
259,Damara,Dood,ddood76@smh.com.au,Female,71517.27
260,Mei,Morfell,mmorfell77@psu.edu,Female,33252.69
261,Daffi,Dartnall,ddartnall78@ocn.ne.jp,Female,99877.15
262,Horatio,Lees,hlees79@sitemeter.com,Male,17177.41
263,Letty,Allibone,lallibone7a@edublogs.org,Female,10894.58
264,Rochell,Placide,rplacide7b@ucla.edu,Female,77315.38
265,Beryl,Lumox,blumox7c@google.es,Female,44880.98
266,Ezequiel,Wasylkiewicz,ewasylkiewicz7d@un.org,Male,30893.69
267,Kimberlee,Rapper,krapper7e@xing.com,Female,21840.95
268,Bethany,Riddler,briddler7f@technorati.com,Female,35856.50
269,Corbin,Hoopper,choopper7g@amazon.co.jp,Male,73841.04
270,Kyle,Coultar,kcoultar7h@foxnews.com,Female,91537.61
271,Alford,Lilley,alilley7i@weebly.com,Male,99368.22
272,Kenneth,Bondy,kbondy7j@mac.com,Male,56473.65
273,Maye,Marten,mmarten7k@howstuffworks.com,Female,53432.92
274,Artemas,Giorgio,agiorgio7l@shop-pro.jp,Male,80098.28
275,Rhett,Beavington,rbeavington7m@skyrock.com,Male,29162.40
276,Cary,MacDearmaid,cmacdearmaid7n@google.es,Female,62919.66
277,Raphael,Dearsley,rdearsley7o@reference.com,Male,25587.56
278,Garvy,Jansey,gjansey7p@sbwire.com,Male,69168.93
279,Godwin,Cleaton,gcleaton7q@flickr.com,Male,38769.90
280,Stanislas,Pinyon,spinyon7r@sphinn.com,Male,74153.57
281,Aube,Alishoner,aalishoner7s@oracle.com,Male,85773.42
282,Shaun,Ewen,sewen7t@devhub.com,Male,65074.46
283,Buffy,Girton,bgirton7u@npr.org,Female,12198.33
284,Quent,Deeth,qdeeth7v@cloudflare.com,Male,41413.46
285,Yves,Albarez,yalbarez7w@smh.com.au,Male,30428.17
286,Minny,Reuven,mreuven7x@fema.gov,Female,75255.35
287,Arthur,Sloper,asloper7y@samsung.com,Male,38463.87
288,Pauly,Monckton,pmonckton7z@princeton.edu,Female,18647.42
289,Micheal,Hartington,mhartington80@intel.com,Male,28015.99
290,Carolin,Allett,callett81@list-manage.com,Female,77029.78
291,Dulci,Stobbes,dstobbes82@un.org,Female,94229.24
292,Shaylah,Cheesley,scheesley83@usatoday.com,Female,21153.03
293,Francyne,Debenham,fdebenham84@163.com,Female,30141.10
294,Bronny,Laterza,blaterza85@google.co.jp,Male,21416.89
295,Base,Pagram,bpagram86@opensource.org,Male,88301.23
296,Sukey,Graffin,sgraffin87@columbia.edu,Female,73379.30
297,Sarge,McNiven,smcniven88@jigsy.com,Male,12372.03
298,Constantino,Aiken,caiken89@auda.org.au,Male,27330.49
299,Abram,Slay,aslay8a@geocities.com,Male,38185.58
300,Enid,Simionescu,esimionescu8b@nasa.gov,Female,79238.79
301,Correy,Dunstall,cdunstall8c@forbes.com,Male,73640.97
302,Ignace,Finlry,ifinlry8d@squidoo.com,Male,16567.85
303,Fay,Blakeston,fblakeston8e@netscape.com,Female,64590.38
304,Esmeralda,MacCaghan,emaccaghan8f@edublogs.org,Female,39101.31
305,Eb,Alwood,ealwood8g@mail.ru,Male,31126.09
306,Haley,O'Hartnedy,hohartnedy8h@goodreads.com,Male,94889.64
307,Merilee,Maylard,mmaylard8i@mlb.com,Female,80453.56
308,Humphrey,MacArte,hmacarte8j@amazon.co.uk,Male,50708.67
309,Monica,Maltman,mmaltman8k@51.la,Female,22530.71
310,Maximilian,Glennie,mglennie8l@cbsnews.com,Male,64968.53
311,Theressa,Blague,tblague8m@slate.com,Female,10844.86
312,Felicdad,Hammell,fhammell8n@google.de,Female,67520.32
313,Pollyanna,Joburn,pjoburn8o@cmu.edu,Female,25076.55
314,Meg,Cruces,mcruces8p@posterous.com,Female,55971.42
315,Homere,Colaco,hcolaco8q@marketwatch.com,Male,42953.33
316,Idalina,De la Eglise,idelaeglise8r@github.com,Female,39584.68
317,Alisander,Brotherhood,abrotherhood8s@intel.com,Male,90623.00
318,Xavier,Jehu,xjehu8t@buzzfeed.com,Male,80249.66
319,Zerk,Simonett,zsimonett8u@last.fm,Male,65103.90
320,Syd,Beran,sberan8v@disqus.com,Male,82691.12
321,Corabella,Eslemont,ceslemont8w@nydailynews.com,Female,33995.19
322,Valida,Readhead,vreadhead8x@jimdo.com,Female,73379.62
323,Genvieve,McIlwrath,gmcilwrath8y@reverbnation.com,Female,65124.70
324,Edmon,Olsson,eolsson8z@youtube.com,Male,27529.98
325,Kristan,Bilbrook,kbilbrook90@army.mil,Female,25314.66
326,Randal,Coultous,rcoultous91@163.com,Male,75894.15
327,Justinian,Dimnage,jdimnage92@pagesperso-orange.fr,Male,49509.85
328,Coralyn,Sommerlin,csommerlin93@dell.com,Female,73767.11
329,Konrad,Flower,kflower94@posterous.com,Male,21312.26
330,Findley,Berndtsson,fberndtsson95@cloudflare.com,Male,94136.29
331,Taddeo,Lettuce,tlettuce96@techcrunch.com,Male,54546.02
332,Alfy,Feeney,afeeney97@lycos.com,Male,97715.93
333,Lief,Sirrell,lsirrell98@nydailynews.com,Male,51711.72
334,Claudine,Escot,cescot99@skype.com,Female,44854.85
335,Illa,Jeffree,ijeffree9a@bandcamp.com,Female,71452.93
336,Doralia,Gerald,dgerald9b@prlog.org,Female,78278.23
337,Ganny,Renshell,grenshell9c@merriam-webster.com,Male,12786.28
338,Margarete,Sansom,msansom9d@mlb.com,Female,82116.47
339,Hyacinth,Lalonde,hlalonde9e@who.int,Female,32709.11
340,Calli,McVicker,cmcvicker9f@qq.com,Female,24366.48
341,Carlin,Bonnell,cbonnell9g@acquirethisname.com,Male,62630.44
342,Theodosia,Dorcey,tdorcey9h@wsj.com,Female,18335.03
343,Winnie,aManger,wamanger9i@washingtonpost.com,Male,50862.15
344,Lucie,Guisler,lguisler9j@apache.org,Female,13726.89
345,Marlowe,Santello,msantello9k@mediafire.com,Male,14624.05
346,Lind,Molohan,lmolohan9l@symantec.com,Male,74339.06
347,Tommy,Cholmondeley,tcholmondeley9m@scientificamerican.com,Male,90755.81
348,Winnie,Gamet,wgamet9n@thetimes.co.uk,Female,57548.61
349,Ellene,Whyler,ewhyler9o@netscape.com,Female,38773.38
350,Tobiah,Guidone,tguidone9p@is.gd,Male,74578.57
351,Flynn,Water,fwater9q@stanford.edu,Male,28599.19
352,Tabina,Finlater,tfinlater9r@toplist.cz,Female,59410.56
353,Alard,Melross,amelross9s@slideshare.net,Male,63338.92
354,Vally,Oldrey,voldrey9t@exblog.jp,Female,92062.17
355,Lethia,Minshull,lminshull9u@dell.com,Female,12852.31
356,Codi,Vial,cvial9v@unblog.fr,Female,97721.98
357,Purcell,Du Pre,pdupre9w@mapy.cz,Male,50713.08
358,Kin,Irnis,kirnis9x@macromedia.com,Male,29938.34
359,Edee,Paten,epaten9y@jigsy.com,Female,62889.56
360,Stirling,Roggieri,sroggieri9z@xing.com,Male,10149.65
361,Philippine,Byrcher,pbyrchera0@uiuc.edu,Female,51210.57
362,Vania,Gossage,vgossagea1@sfgate.com,Female,81839.96
363,Ania,Hanton,ahantona2@myspace.com,Female,88429.21
364,Joela,Vassie,jvassiea3@addthis.com,Female,85834.44
365,Alick,Heymes,aheymesa4@ocn.ne.jp,Male,94398.62
366,Boote,Lynock,blynocka5@altervista.org,Male,70965.62
367,Audrey,Stores,astoresa6@ifeng.com,Female,59940.34
368,Nan,Galbraith,ngalbraitha7@yahoo.co.jp,Female,92018.04
369,Nickie,Asquez,nasqueza8@discovery.com,Female,90717.48
370,Jeremie,Swaffer,jswaffera9@wufoo.com,Male,23674.45
371,Winthrop,Leve,wleveaa@hp.com,Male,54135.13
372,Vaughn,Balassa,vbalassaab@ustream.tv,Male,31156.50
373,Minor,Lang,mlangac@amazon.com,Male,91008.59
374,Melicent,Skin,mskinad@cmu.edu,Female,78178.63
375,Gabbie,Coate,gcoateae@msu.edu,Female,69666.89
376,Anni,Hardy,ahardyaf@example.com,Female,57190.25
377,Stevy,Laurence,slaurenceag@ask.com,Male,21751.79
378,Taryn,Nestor,tnestorah@hhs.gov,Female,63228.36
379,Saunders,Lorenc,slorencai@purevolume.com,Male,97332.36
380,Hebert,Snare,hsnareaj@ebay.com,Male,86596.41
381,Clyve,Frandsen,cfrandsenak@dyndns.org,Male,66914.86
382,Emmit,Grimwade,egrimwadeal@deliciousdays.com,Male,85479.39
383,Dusty,Okenden,dokendenam@typepad.com,Female,63174.09
384,Valentino,Pakes,vpakesan@dell.com,Male,61350.53
385,Cherlyn,Paddock,cpaddockao@163.com,Female,49391.54
386,Briano,Jahnel,bjahnelap@themeforest.net,Male,57552.55
387,Anatollo,Guerreau,aguerreauaq@unesco.org,Male,59203.30
388,Riane,Eglinton,reglintonar@nyu.edu,Female,71516.15
389,Clemens,Lamyman,clamymanas@nih.gov,Male,29982.02
390,Humphrey,Schenkel,hschenkelat@dmoz.org,Male,70905.24
391,Tymothy,Lodwig,tlodwigau@arstechnica.com,Male,19698.54
392,Iolanthe,Bergeau,ibergeauav@quantcast.com,Female,78731.69
393,Karlotte,Boyat,kboyataw@gravatar.com,Female,97938.22
394,Baxter,Le Grys,blegrysax@moonfruit.com,Male,11345.20
395,Atlante,Guierre,aguierreay@amazonaws.com,Female,66959.51
396,Sofie,Humberston,shumberstonaz@sourceforge.net,Female,28248.78
397,Tybie,Fawks,tfawksb0@godaddy.com,Female,11056.97
398,Shaylynn,Gorioli,sgoriolib1@mapy.cz,Female,22744.26
399,Eleanora,Fake,efakeb2@flickr.com,Female,52782.99
400,Sadella,Panting,spantingb3@spotify.com,Female,42248.17
401,Marillin,Gilardi,mgilardib4@ask.com,Female,20846.10
402,Amandi,Spiers,aspiersb5@qq.com,Female,48340.00
403,Nonah,Battleson,nbattlesonb6@yahoo.com,Female,84632.81
404,Ewen,Penwright,epenwrightb7@symantec.com,Male,59564.19
405,Dulcea,Saines,dsainesb8@furl.net,Female,99942.89
406,Sloan,Game,sgameb9@tinyurl.com,Male,26188.91
407,Shawn,Ceillier,sceillierba@cnbc.com,Male,79838.59
408,Carmelia,Ellum,cellumbb@census.gov,Female,72166.63
409,Sax,Londesborough,slondesboroughbc@accuweather.com,Male,23898.80
410,Dawn,Ireland,direlandbd@shareasale.com,Female,92754.59
411,Davie,Laurant,dlaurantbe@upenn.edu,Male,26008.44
412,Ravi,Braiden,rbraidenbf@live.com,Male,29767.55
413,Alikee,Coleyshaw,acoleyshawbg@naver.com,Female,70512.67
414,Abram,Elfleet,aelfleetbh@yellowbook.com,Male,55046.19
415,Allix,Berling,aberlingbi@macromedia.com,Female,11807.18
416,Frankie,Fidal,ffidalbj@tumblr.com,Male,17811.45
417,Kerry,McCarthy,kmccarthybk@go.com,Male,72896.61
418,Cletus,Coathup,ccoathupbl@wp.com,Male,27970.78
419,Willie,Southall,wsouthallbm@blogtalkradio.com,Female,26728.89
420,Dame,Foxton,dfoxtonbn@vk.com,Male,57213.47
421,Myrlene,Caesar,mcaesarbo@amazon.co.uk,Female,94085.13
422,Cynthie,Trunks,ctrunksbp@moonfruit.com,Female,26284.05
423,Allard,Theaker,atheakerbq@msu.edu,Male,19621.21
424,Margarita,Farnfield,mfarnfieldbr@dell.com,Female,75135.57
425,Daveta,Goldingay,dgoldingaybs@angelfire.com,Female,85333.08
426,Lazar,Rau,lraubt@cdc.gov,Male,59519.42
427,Cissy,Edwicker,cedwickerbu@mac.com,Female,40498.74
428,Trev,Mattussevich,tmattussevichbv@ucla.edu,Male,31600.70
429,Nev,Gladwin,ngladwinbw@berkeley.edu,Male,77152.27
430,Munroe,Lissemore,mlissemorebx@geocities.com,Male,40175.14
431,Rolf,Camilli,rcamilliby@cisco.com,Male,86595.44
432,Aube,Gourlay,agourlaybz@tripod.com,Male,56344.71
433,Julie,Manford,jmanfordc0@sitemeter.com,Male,24726.41
434,Peder,Maliphant,pmaliphantc1@phoca.cz,Male,99597.44
435,Nelli,Blunderfield,nblunderfieldc2@odnoklassniki.ru,Female,37081.44
436,Molli,Spreull,mspreullc3@psu.edu,Female,17680.16
437,Luigi,Southam,lsouthamc4@si.edu,Male,62862.44
438,Cecilio,Aubri,caubric5@arstechnica.com,Male,37344.06
439,Dudley,Highman,dhighmanc6@jugem.jp,Male,35896.79
440,Kellby,Farmiloe,kfarmiloec7@chronoengine.com,Male,95571.18
441,Blithe,Dennison,bdennisonc8@yandex.ru,Female,45317.41
442,Lek,Spinley,lspinleyc9@ca.gov,Male,87795.71
443,Hugo,Casserley,hcasserleyca@g.co,Male,69806.63
444,Kristoforo,Cockett,kcockettcb@pbs.org,Male,51392.26
445,Leroi,Colliver,lcollivercc@trellian.com,Male,92445.01
446,Kennett,Driussi,kdriussicd@posterous.com,Male,38342.58
447,Leontine,Gaddas,lgaddasce@samsung.com,Female,65860.61
448,Cesya,Boyles,cboylescf@oakley.com,Female,11144.04
449,Ellwood,Jirak,ejirakcg@imgur.com,Male,13543.21
450,Siegfried,Poultney,spoultneych@exblog.jp,Male,15374.93
451,Selle,Potteridge,spotteridgeci@paypal.com,Female,83625.68
452,Richmound,Louca,rloucacj@telegraph.co.uk,Male,32921.08
453,Gibby,MacGillivray,gmacgillivrayck@npr.org,Male,44562.53
454,Vallie,Weson,vwesoncl@wsj.com,Female,78162.63
455,Sherman,Huleatt,shuleattcm@privacy.gov.au,Male,74361.08
456,Susanetta,Lambillion,slambillioncn@constantcontact.com,Female,16100.51
457,Vin,Stiell,vstiellco@infoseek.co.jp,Female,94226.89
458,Trish,Titcom,ttitcomcp@wired.com,Female,63641.85
459,Deeyn,Thunders,dthunderscq@stumbleupon.com,Female,11848.05
460,Nady,Dibdin,ndibdincr@disqus.com,Female,48832.61
461,Shaylynn,Snoden,ssnodencs@desdev.cn,Female,43476.79
462,Jaime,Stigell,jstigellct@chron.com,Male,45423.04
463,Katharina,Stobbart,kstobbartcu@xing.com,Female,13579.41
464,Siegfried,Mackie,smackiecv@miitbeian.gov.cn,Male,98354.09
465,Mauricio,Clilverd,mclilverdcw@sciencedirect.com,Male,41396.00
466,Sol,Cloutt,sclouttcx@sourceforge.net,Male,67558.87
467,Ahmad,Cockell,acockellcy@digg.com,Male,57750.29
468,Gabbie,Keinrat,gkeinratcz@instagram.com,Female,74025.64
469,Boycey,Latchmore,blatchmored0@usatoday.com,Male,45260.31
470,Tawnya,Cassie,tcassied1@ycombinator.com,Female,67941.69
471,Octavia,Guirau,oguiraud2@i2i.jp,Female,51882.68
472,Calley,Jakubowski,cjakubowskid3@livejournal.com,Female,63433.12
473,Randi,Sawnwy,rsawnwyd4@msn.com,Female,32462.54
474,Rora,Vedyaev,rvedyaevd5@acquirethisname.com,Female,12439.34
475,Murdoch,Pearde,mpearded6@surveymonkey.com,Male,15555.85
476,Nevin,Tomaini,ntomainid7@jigsy.com,Male,78762.44
477,Filide,Tupper,ftupperd8@si.edu,Female,76131.17
478,Prince,Turfus,pturfusd9@abc.net.au,Male,33954.77
479,Abdul,Ronisch,aronischda@blogtalkradio.com,Male,59204.15
480,Shell,Luscott,sluscottdb@cnn.com,Male,72849.96
481,Niven,Wimms,nwimmsdc@tinypic.com,Male,78248.62
482,Laney,Salmoni,lsalmonidd@pbs.org,Male,54692.00
483,Albie,Grady,agradyde@ifeng.com,Male,52278.36
484,Dorthy,Nabbs,dnabbsdf@nature.com,Female,49234.82
485,Parrnell,Murkus,pmurkusdg@a8.net,Male,96918.62
486,Damaris,Eastman,deastmandh@comsenz.com,Female,57059.56
487,Elysha,Artinstall,eartinstalldi@feedburner.com,Female,58313.88
488,Michele,Irnys,mirnysdj@slashdot.org,Female,19115.20
489,Millie,Vivian,mviviandk@tuttocitta.it,Female,27887.05
490,Walther,Keyzor,wkeyzordl@alibaba.com,Male,76143.68
491,Broddie,Zellick,bzellickdm@state.tx.us,Male,26968.88
492,Henri,Flobert,hflobertdn@yahoo.com,Male,17434.93
493,Waylen,Futty,wfuttydo@usgs.gov,Male,71763.11
494,Kippar,Drohane,kdrohanedp@com.com,Male,34669.88
495,Daniele,Aloshechkin,daloshechkindq@opera.com,Female,22392.18
496,Chuck,Maron,cmarondr@studiopress.com,Male,16085.92
497,Lesley,Civitillo,lcivitillods@mlb.com,Female,43719.40
498,Abdel,Lisimore,alisimoredt@bluehost.com,Male,63232.44
499,Clemente,Welfair,cwelfairdu@instagram.com,Male,39901.67
500,Skelly,Tattersfield,stattersfielddv@mayoclinic.com,Male,35323.79
501,Clemmie,Babington,cbabingtondw@w3.org,Male,21407.00
502,Sascha,Busain,sbusaindx@ovh.net,Male,85571.50
503,Donalt,Thundercliffe,dthundercliffedy@nbcnews.com,Male,54008.17
504,Dotti,Rosensaft,drosensaftdz@go.com,Female,45597.72
505,Sorcha,McIlhatton,smcilhattone0@msu.edu,Female,26449.48
506,Hertha,Leeming,hleeminge1@behance.net,Female,24126.42
507,Lily,Perot,lperote2@gov.uk,Female,32826.41
508,Philip,Schieferstein,pschiefersteine3@addthis.com,Male,96894.89
509,Roman,Kalb,rkalbe4@mayoclinic.com,Male,16780.47
510,Mela,Juszczyk,mjuszczyke5@nymag.com,Female,23817.88
511,Dorolice,Eadie,deadiee6@goodreads.com,Female,68330.93
512,Mile,Lind,mlinde7@storify.com,Male,59416.88
513,Caryn,Manthorpe,cmanthorpee8@reddit.com,Female,86896.21
514,Ben,Heeley,bheeleye9@geocities.com,Male,49864.56
515,Lizbeth,Saddleton,lsaddletonea@nifty.com,Female,77417.32
516,Raine,Kitchaside,rkitchasideeb@springer.com,Female,33128.67
517,Fabiano,Houseman,fhousemanec@deviantart.com,Male,32015.18
518,Randall,Dilleway,rdillewayed@hhs.gov,Male,30820.09
519,Caesar,Moyler,cmoyleree@blogs.com,Male,34009.53
520,Wyatt,Geraud,wgeraudef@wikia.com,Male,50565.20
521,Augusto,Rainey,araineyeg@uiuc.edu,Male,55934.50
522,Patrica,Sambles,psambleseh@last.fm,Female,87915.79
523,Harriette,Gehrtz,hgehrtzei@people.com.cn,Female,49667.88
524,Cornie,Gieraths,cgierathsej@de.vu,Female,77491.27
525,Mannie,Doneld,mdoneldek@elpais.com,Male,53775.64
526,Nero,Simpkin,nsimpkinel@printfriendly.com,Male,49486.41
527,Sibyl,Redshaw,sredshawem@ebay.co.uk,Female,58073.32
528,Chandler,Antcliff,cantcliffen@howstuffworks.com,Male,16211.00
529,Sully,Currell,scurrelleo@yellowpages.com,Male,35221.17
530,Mirilla,Ashford,mashfordep@reuters.com,Female,62770.56
531,Selby,Beneix,sbeneixeq@cdc.gov,Male,36927.51
532,North,Prophet,npropheter@google.pl,Male,21252.08
533,Brien,Diboll,bdibolles@cdc.gov,Male,21323.38
534,Amos,Dumbelton,adumbeltonet@yahoo.com,Male,19703.67
535,Amory,Doblin,adoblineu@wired.com,Male,16399.61
536,Helge,Yesipov,hyesipovev@1688.com,Female,29990.28
537,Karlen,Skyrm,kskyrmew@scientificamerican.com,Female,99592.04
538,Marion,Juschka,mjuschkaex@aol.com,Male,28338.93
539,Charmain,Feehery,cfeeheryey@hexun.com,Female,98975.08
540,Kristofer,Lidgey,klidgeyez@webmd.com,Male,21808.96
541,Shelagh,Presnail,spresnailf0@51.la,Female,76897.65
542,Marten,Dogg,mdoggf1@bloglines.com,Male,92017.02
543,Sancho,Dammarell,sdammarellf2@google.co.jp,Male,87990.60
544,Malva,Breznovic,mbreznovicf3@vimeo.com,Female,77364.97
545,Iggy,Sterke,isterkef4@ucsd.edu,Male,53263.34
546,Delmore,Cash,dcashf5@behance.net,Male,99545.91
547,Port,Attree,pattreef6@boston.com,Male,78760.60
548,Carey,Manford,cmanfordf7@bluehost.com,Male,99030.95
549,Orion,Folkerts,ofolkertsf8@webs.com,Male,76607.69
550,Patty,Rountree,prountreef9@reuters.com,Male,59135.21
551,Byron,Sueter,bsueterfa@answers.com,Male,28573.91
552,Nichole,McCombe,nmccombefb@technorati.com,Male,56472.00
553,Ira,Bleby,iblebyfc@photobucket.com,Male,76873.84
554,Mindy,Soles,msolesfd@cnbc.com,Female,75512.50
555,Eldon,Cordy,ecordyfe@etsy.com,Male,25435.50
556,Rabbi,Maryott,rmaryottff@pinterest.com,Male,31720.95
557,See,Oneil,soneilfg@google.it,Male,65233.43
558,Karleen,Wolfendell,kwolfendellfh@cornell.edu,Female,88583.43
559,Filberte,Cristobal,fcristobalfi@altervista.org,Male,33808.02
560,Travers,Vakhrushev,tvakhrushevfj@weibo.com,Male,70167.60
561,Leigh,Ness,lnessfk@slate.com,Male,73496.59
562,Odell,Dussy,odussyfl@columbia.edu,Male,88465.99
563,Lilla,Yushachkov,lyushachkovfm@usda.gov,Female,88750.11
564,Blake,O'Gorman,bogormanfn@blogtalkradio.com,Male,42786.58
565,Enrika,Yerson,eyersonfo@typepad.com,Female,37830.09
566,Cassondra,Fendlen,cfendlenfp@drupal.org,Female,59542.13
567,Randee,Philcott,rphilcottfq@usda.gov,Female,68859.93
568,Devonna,Tzar,dtzarfr@topsy.com,Female,80068.56
569,Briano,Leys,bleysfs@mail.ru,Male,31917.18
570,Gordon,Tiebe,gtiebeft@miibeian.gov.cn,Male,76249.16
571,Pollyanna,Jeenes,pjeenesfu@umich.edu,Female,68512.41
572,Kalila,Bester,kbesterfv@gravatar.com,Female,95899.98
573,Addie,O' Flaherty,aoflahertyfw@google.pl,Male,91713.13
574,Adena,Morriss,amorrissfx@mayoclinic.com,Female,75592.16
575,Jobey,Wytchard,jwytchardfy@ca.gov,Female,33682.39
576,Blisse,Sivier,bsivierfz@vistaprint.com,Female,68158.17
577,Eadith,Lockey,elockeyg0@nbcnews.com,Female,57852.14
578,Chester,Brearley,cbrearleyg1@rediff.com,Male,45053.53
579,Manya,Bidewel,mbidewelg2@csmonitor.com,Female,68339.91
580,Sherwynd,Mecchi,smecchig3@flickr.com,Male,15019.46
581,Dani,Schroder,dschroderg4@marketwatch.com,Female,57691.65
582,Vere,Trench,vtrenchg5@hp.com,Female,64647.81
583,Doralia,Trengove,dtrengoveg6@blogger.com,Female,27451.05
584,Darcy,Watkiss,dwatkissg7@booking.com,Male,32571.22
585,Nickie,Kunzelmann,nkunzelmanng8@shutterfly.com,Female,13350.20
586,Vaughn,Pallatina,vpallatinag9@slate.com,Male,79665.62
587,Barbe,Rabbatts,brabbattsga@google.com.br,Female,53657.80
588,Jayne,Glentworth,jglentworthgb@home.pl,Female,32505.55
589,Price,Heigl,pheiglgc@amazon.de,Male,98571.78
590,Thain,Dyche,tdychegd@soundcloud.com,Male,85974.65
591,Jeremias,Galway,jgalwayge@networksolutions.com,Male,31128.18
592,Renard,Buzek,rbuzekgf@mail.ru,Male,68725.43
593,Evangelina,Martill,emartillgg@nature.com,Female,82780.45
594,Clarice,Plumridge,cplumridgegh@google.com.br,Female,37082.98
595,Hanny,Bodycote,hbodycotegi@omniture.com,Female,46006.25
596,Daryl,Glason,dglasongj@google.com,Male,29705.94
597,Myrna,Itzik,mitzikgk@creativecommons.org,Female,89750.09
598,Phillipp,Phython,pphythongl@dyndns.org,Male,87745.05
599,Neron,Sywell,nsywellgm@prnewswire.com,Male,11205.77
600,Marvin,Anslow,manslowgn@so-net.ne.jp,Male,29888.58
601,Pippy,McDonand,pmcdonandgo@chronoengine.com,Female,60587.65
602,Sharon,Lyburn,slyburngp@apache.org,Female,89362.75
603,Pansie,Lusher,plushergq@infoseek.co.jp,Female,13740.71
604,Jordon,Cristofvao,jcristofvaogr@howstuffworks.com,Male,47592.33
605,Carlynn,Dagon,cdagongs@fastcompany.com,Female,93299.43
606,Hedda,Furneaux,hfurneauxgt@deviantart.com,Female,37251.22
607,Ellissa,Ridgers,eridgersgu@wordpress.org,Female,46334.34
608,Morry,Murphey,mmurpheygv@google.ca,Male,91491.33
609,Bev,Tyce,btycegw@home.pl,Female,35393.06
610,Jere,Jewkes,jjewkesgx@xing.com,Female,28623.45
611,Mavra,Tivers,mtiversgy@un.org,Female,68773.14
612,Iggy,Stanlake,istanlakegz@patch.com,Male,52652.80
613,Hadrian,Skrine,hskrineh0@cocolog-nifty.com,Male,85876.70
614,Bertrando,Scaplehorn,bscaplehornh1@twitter.com,Male,59665.05
615,Adrian,Cottey,acotteyh2@github.io,Female,73729.57
616,Thurstan,Bownass,tbownassh3@yahoo.co.jp,Male,92113.33
617,Gabie,Stuer,gstuerh4@miitbeian.gov.cn,Female,31175.25
618,Gwenneth,Marling,gmarlingh5@patch.com,Female,60779.19
619,Rosaline,Caddens,rcaddensh6@auda.org.au,Female,56802.22
620,Eulalie,Dadge,edadgeh7@mashable.com,Female,72408.82
621,Julius,Gatlin,jgatlinh8@4shared.com,Male,41829.52
622,Jonah,Prando,jprandoh9@pbs.org,Male,86279.04
623,Allin,Domange,adomangeha@ibm.com,Male,94869.25
624,Ely,Robjohns,erobjohnshb@narod.ru,Male,60264.26
625,Skipp,Ibanez,sibanezhc@discuz.net,Male,16778.10
626,Mile,Pizzie,mpizziehd@technorati.com,Male,20082.39
627,Harvey,Howard - Gater,hhowardgaterhe@feedburner.com,Male,23309.59
628,Gunther,Noddles,gnoddleshf@phoca.cz,Male,21293.31
629,Gary,Swetenham,gswetenhamhg@vk.com,Male,51159.48
630,Hervey,Rushmer,hrushmerhh@scribd.com,Male,83774.12
631,Maren,Spreag,mspreaghi@reverbnation.com,Female,82558.06
632,Skippy,Gaskins,sgaskinshj@ycombinator.com,Male,34333.20
633,Lilly,Drysdale,ldrysdalehk@theglobeandmail.com,Female,64113.69
634,Henderson,Tuma,htumahl@dion.ne.jp,Male,23580.74
635,Sherwood,Liebmann,sliebmannhm@nbcnews.com,Male,37135.12
636,Galven,Chilcotte,gchilcottehn@kickstarter.com,Male,14574.67
637,Binky,Basill,bbasillho@surveymonkey.com,Male,53039.45
638,Judah,Gatheral,jgatheralhp@studiopress.com,Male,42935.82
639,Daisie,Chrystal,dchrystalhq@answers.com,Female,94616.60
640,Barnaby,Petto,bpettohr@ucoz.ru,Male,46435.62
641,Blake,Gostall,bgostallhs@meetup.com,Male,13312.61
642,Pippa,Spread,pspreadht@issuu.com,Female,62423.84
643,Boniface,Wolver,bwolverhu@shinystat.com,Male,72958.05
644,Rik,Waslin,rwaslinhv@ted.com,Male,96111.54
645,Shepperd,Paradise,sparadisehw@soup.io,Male,58913.59
646,Benedikt,Peegrem,bpeegremhx@newsvine.com,Male,29637.72
647,Venus,Luberti,vlubertihy@tiny.cc,Female,33996.77
648,Marin,Toffaloni,mtoffalonihz@g.co,Female,38288.26
649,Allison,Bradford,abradfordi0@livejournal.com,Female,37739.61
650,Annabell,Ivakin,aivakini1@paginegialle.it,Female,67580.54
651,Lenci,Liven,lliveni2@ox.ac.uk,Male,32619.40
652,Horst,Gatman,hgatmani3@phoca.cz,Male,22704.47
653,Eilis,Constable,econstablei4@reference.com,Female,88401.76
654,Zonda,Nanni,znannii5@intel.com,Female,67978.48
655,Skippie,Strugnell,sstrugnelli6@sfgate.com,Male,32693.07
656,Foss,Tremayle,ftremaylei7@over-blog.com,Male,72483.86
657,Penny,Jorden,pjordeni8@google.com,Female,48635.17
658,Micah,Szimoni,mszimonii9@stanford.edu,Male,86657.12
659,Carmine,Strutton,cstruttonia@answers.com,Male,75365.84
660,Mannie,Benediktsson,mbenediktssonib@google.co.uk,Male,94230.17
661,Nicko,Browse,nbrowseic@comsenz.com,Male,85116.16
662,Moshe,McCaskell,mmccaskellid@wordpress.com,Male,82488.68
663,Shelba,Veillard,sveillardie@sciencedaily.com,Female,59926.77
664,Alanna,Noquet,anoquetif@opensource.org,Female,83127.43
665,Kaylyn,Giovannetti,kgiovannettiig@slideshare.net,Female,36430.64
666,Galvin,O'Doherty,godohertyih@addtoany.com,Male,70464.31
667,Bartram,Sibylla,bsibyllaii@sun.com,Male,79631.53
668,Eudora,Glaze,eglazeij@biglobe.ne.jp,Female,80634.09
669,Carly,Getty,cgettyik@naver.com,Male,52157.71
670,Ewell,Mannin,emanninil@list-manage.com,Male,23650.10
671,Matty,Fowlston,mfowlstonim@people.com.cn,Female,83168.78
672,Joshuah,Petigrew,jpetigrewin@godaddy.com,Male,66197.77
673,Isabeau,Browncey,ibrownceyio@yolasite.com,Female,24961.73
674,Hill,Mossom,hmossomip@arizona.edu,Male,94280.64
675,Kellyann,Bernardet,kbernardetiq@census.gov,Female,29102.41
676,Jocelyn,Fellona,jfellonair@wikipedia.org,Female,53911.64
677,Latrina,De Bruin,ldebruinis@technorati.com,Female,44304.52
678,Markus,Gudeman,mgudemanit@census.gov,Male,19742.93
679,Edgar,Saurin,esauriniu@wiley.com,Male,26735.61
680,Rudiger,Hollyland,rhollylandiv@thetimes.co.uk,Male,76301.17
681,Keefer,Beeden,kbeedeniw@hhs.gov,Male,31653.55
682,Grady,Bourley,gbourleyix@networkadvertising.org,Male,16189.69
683,Winslow,Gambie,wgambieiy@gravatar.com,Male,40306.79
684,Ellerey,Chiplen,echipleniz@twitpic.com,Male,70317.04
685,Flossie,Philipp,fphilippj0@slashdot.org,Female,12895.66
686,Ricky,Bibby,rbibbyj1@newyorker.com,Male,82928.02
687,Peri,Bevans,pbevansj2@exblog.jp,Female,87394.89
688,Bronnie,Goublier,bgoublierj3@simplemachines.org,Male,23603.06
689,Nils,Meehan,nmeehanj4@umn.edu,Male,34713.98
690,Alethea,Zamora,azamoraj5@google.co.uk,Female,76885.84
691,Zerk,Gobell,zgobellj6@nationalgeographic.com,Male,79302.96
692,Adair,Zanutti,azanuttij7@wsj.com,Male,72380.79
693,Wilek,Rainforth,wrainforthj8@springer.com,Male,72073.18
694,Northrop,Firmager,nfirmagerj9@wisc.edu,Male,99296.29
695,Balduin,Gliddon,bgliddonja@miitbeian.gov.cn,Male,75054.91
696,Desi,Kearle,dkearlejb@howstuffworks.com,Male,91746.81
697,Cornela,Kinmond,ckinmondjc@purevolume.com,Female,21006.52
698,Dreddy,Coom,dcoomjd@vkontakte.ru,Female,49281.94
699,Guilbert,Maharry,gmaharryje@sun.com,Male,96902.00
700,Elsie,Greengrass,egreengrassjf@google.cn,Female,97563.31
701,Paolina,Stute,pstutejg@statcounter.com,Female,97191.16
702,Andras,Lannon,alannonjh@ed.gov,Male,45732.10
703,Bailie,Tresler,btreslerji@sina.com.cn,Male,44685.72
704,Lindi,Coad,lcoadjj@mysql.com,Female,95377.89
705,Danice,Kellet,dkelletjk@arizona.edu,Female,19478.38
706,Earlie,Boutton,ebouttonjl@symantec.com,Male,76176.77
707,Aaron,De Pero,adeperojm@independent.co.uk,Male,12309.47
708,Dukey,Flury,dfluryjn@berkeley.edu,Male,11655.05
709,Gino,Kift,gkiftjo@sciencedaily.com,Male,66946.84
710,Lyda,Wilsone,lwilsonejp@wikispaces.com,Female,65746.66
711,Carole,Kupke,ckupkejq@skyrock.com,Female,68027.94
712,Janey,Kleinstern,jkleinsternjr@delicious.com,Female,88479.29
713,Bea,Basili,bbasilijs@ucla.edu,Female,27479.10
714,Burt,Olney,bolneyjt@reverbnation.com,Male,61569.08
715,Anna-maria,Dilrew,adilrewju@phoca.cz,Female,52602.41
716,Antonie,Kochel,akocheljv@qq.com,Female,35267.28
717,Reinhard,Klaus,rklausjw@economist.com,Male,30371.17
718,Licha,Rivett,lrivettjx@github.com,Female,92621.14
719,Sheffield,Reville,srevillejy@soup.io,Male,75106.43
720,Sophia,O'Bradane,sobradanejz@nationalgeographic.com,Female,60032.44
721,Stearne,Dessaur,sdessaurk0@dagondesign.com,Male,21738.58
722,Tudor,Van de Vlies,tvandevliesk1@cargocollective.com,Male,38945.86
723,Eb,Pales,epalesk2@163.com,Male,23682.43
724,Goldina,Matej,gmatejk3@nationalgeographic.com,Female,34036.76
725,Dwight,Espadate,despadatek4@nih.gov,Male,20611.65
726,Otha,Blakebrough,oblakebroughk5@lulu.com,Female,32518.28
727,Caro,Dixcey,cdixceyk6@weibo.com,Female,43026.34
728,Issiah,Whiting,iwhitingk7@google.co.uk,Male,83665.14
729,Dall,Casoni,dcasonik8@g.co,Male,96908.89
730,Bellanca,Draxford,bdraxfordk9@soup.io,Female,43255.17
731,Christophorus,Birkwood,cbirkwoodka@acquirethisname.com,Male,13915.33
732,Melony,MacDavitt,mmacdavittkb@elegantthemes.com,Female,92343.77
733,Steward,McKennan,smckennankc@ifeng.com,Male,12730.19
734,Teri,Grisedale,tgrisedalekd@miitbeian.gov.cn,Female,83414.43
735,Dallon,Matitiaho,dmatitiahoke@dagondesign.com,Male,27238.21
736,Ronny,Whooley,rwhooleykf@huffingtonpost.com,Male,66801.08
737,Charlena,Keilloh,ckeillohkg@wikispaces.com,Female,43977.39
738,Dunc,Caller,dcallerkh@over-blog.com,Male,97563.73
739,Napoleon,Staunton,nstauntonki@e-recht24.de,Male,65349.52
740,Erna,Winson,ewinsonkj@archive.org,Female,20748.37
741,Raff,Britto,rbrittokk@thetimes.co.uk,Male,88829.11
742,Kimmy,MacCartair,kmaccartairkl@mediafire.com,Female,21366.47
743,Xylina,Klempke,xklempkekm@dmoz.org,Female,19175.10
744,Arabella,Dolman,adolmankn@buzzfeed.com,Female,58098.30
745,Marcile,Jonson,mjonsonko@blogtalkradio.com,Female,70092.30
746,Daren,Lipprose,dlipprosekp@weibo.com,Male,20864.07
747,Kylie,Hempshall,khempshallkq@themeforest.net,Male,52749.67
748,Sharai,Bodocs,sbodocskr@hubpages.com,Female,17088.67
749,Julissa,Eixenberger,jeixenbergerks@cocolog-nifty.com,Female,85219.35
750,Johan,Schurcke,jschurckekt@mapy.cz,Male,88592.86
751,Nicolas,Rapkins,nrapkinsku@constantcontact.com,Male,87512.01
752,Isiahi,Reihm,ireihmkv@4shared.com,Male,62448.98
753,Gunter,Worthing,gworthingkw@slate.com,Male,58586.02
754,Flynn,Fleg,fflegkx@google.de,Male,83015.25
755,Morse,Hayles,mhaylesky@ebay.co.uk,Male,39185.01
756,Berke,Blackaby,bblackabykz@paginegialle.it,Male,23133.08
757,Elspeth,Stears,estearsl0@mashable.com,Female,73649.85
758,Bren,Whitrod,bwhitrodl1@github.com,Male,10576.94
759,Aidan,Congrave,acongravel2@sourceforge.net,Female,17627.04
760,Phaedra,Jolliman,pjollimanl3@foxnews.com,Female,81352.05
761,Hort,Van Cassel,hvancassell4@about.me,Male,63736.31
762,Creighton,Gutman,cgutmanl5@craigslist.org,Male,24955.66
763,Beret,Glas,bglasl6@usa.gov,Female,62666.16
764,Blisse,Fishe,bfishel7@unicef.org,Female,13822.70
765,Prince,Plevey,ppleveyl8@reverbnation.com,Male,50289.80
766,Belia,Allred,ballredl9@typepad.com,Female,79907.34
767,Aubree,Pedrazzi,apedrazzila@amazon.co.jp,Female,28987.54
768,Merrielle,Yanin,myaninlb@ezinearticles.com,Female,56946.81
769,Nathanial,Iseton,nisetonlc@oaic.gov.au,Male,52158.91
770,Jonas,Joselevitch,jjoselevitchld@bloglovin.com,Male,22650.98
771,Goldina,Cona,gconale@live.com,Female,73910.89
772,Pietro,McCrackem,pmccrackemlf@tinyurl.com,Male,41934.69
773,Nelle,Butt Gow,nbuttgowlg@baidu.com,Female,35146.89
774,Benjamin,Medwell,bmedwelllh@blogs.com,Male,73039.55
775,Kelli,Hegerty,khegertyli@domainmarket.com,Female,57814.07
776,Aubrey,Greeve,agreevelj@smh.com.au,Male,71629.69
777,Meade,Snape,msnapelk@tripadvisor.com,Male,84893.15
778,Marchall,Ivell,mivellll@goodreads.com,Male,50485.82
779,Gilberto,Stillert,gstillertlm@trellian.com,Male,58271.68
780,Hilde,Riggott,hriggottln@unblog.fr,Female,31793.94
781,Vachel,Emilien,vemilienlo@paginegialle.it,Male,43764.09
782,Billye,Cleugh,bcleughlp@lulu.com,Female,65789.29
783,Siffre,Bellas,sbellaslq@adobe.com,Male,84594.51
784,Deidre,Paton,dpatonlr@etsy.com,Female,22675.81
785,Orly,Punchard,opunchardls@deliciousdays.com,Female,55090.37
786,Sharia,Wykey,swykeylt@biglobe.ne.jp,Female,40728.03
787,Derward,Reckus,dreckuslu@webnode.com,Male,23181.51
788,Frederico,Hastin,fhastinlv@topsy.com,Male,57784.21
789,Alec,Gepheart,agepheartlw@list-manage.com,Male,88747.70
790,Salomone,Lillo,slillolx@nationalgeographic.com,Male,82283.93
791,Colan,Trehearn,ctrehearnly@tiny.cc,Male,64666.96
792,Vernon,Grant,vgrantlz@webmd.com,Male,60156.00
793,Agnes,Keeping,akeepingm0@i2i.jp,Female,91208.74
794,Aggie,Garwill,agarwillm1@accuweather.com,Female,81214.54
795,Germain,Gilbride,ggilbridem2@telegraph.co.uk,Male,14450.53
796,Rollins,Conklin,rconklinm3@cam.ac.uk,Male,14438.86
797,Joyann,Rushworth,jrushworthm4@comcast.net,Female,53477.18
798,Broderic,McDell,bmcdellm5@cocolog-nifty.com,Male,57346.11
799,Enos,Younger,eyoungerm6@t-online.de,Male,12018.19
800,Flynn,Helstrom,fhelstromm7@cafepress.com,Male,21788.31
801,Reamonn,De Bernardis,rdebernardism8@tumblr.com,Male,99763.94
802,Venus,O'Heyne,voheynem9@craigslist.org,Female,97939.70
803,Ferrell,Bythell,fbythellma@seesaa.net,Male,87703.10
804,Shayna,Baudone,sbaudonemb@samsung.com,Female,10117.03
805,Dayle,Beddis,dbeddismc@bizjournals.com,Female,98959.20
806,Xaviera,Spinage,xspinagemd@mashable.com,Female,42169.64
807,Maje,Roby,mrobyme@upenn.edu,Male,69008.42
808,Lynde,Bedle,lbedlemf@g.co,Female,59445.53
809,Leisha,Stallibrass,lstallibrassmg@sakura.ne.jp,Female,61658.83
810,Brynna,Capewell,bcapewellmh@state.tx.us,Female,41878.51
811,Federica,Hyman,fhymanmi@arizona.edu,Female,40026.98
812,Renato,Setter,rsettermj@devhub.com,Male,11698.41
813,Garald,Challice,gchallicemk@csmonitor.com,Male,20685.02
814,Dniren,Deeks,ddeeksml@surveymonkey.com,Female,90421.99
815,Trstram,Cello,tcellomm@comsenz.com,Male,44045.72
816,Alidia,MacAdie,amacadiemn@cnn.com,Female,18183.88
817,Padriac,Leveritt,pleverittmo@house.gov,Male,63918.93
818,Perice,Vuittet,pvuittetmp@cnn.com,Male,10286.82
819,Maybelle,Sealeaf,msealeafmq@cnet.com,Female,76730.41
820,Vincenty,Buyers,vbuyersmr@cornell.edu,Male,94510.26
821,Stephan,De-Ville,sdevillems@histats.com,Male,17356.21
822,Tobe,Binge,tbingemt@nature.com,Male,39168.58
823,Natalie,Adriani,nadrianimu@squidoo.com,Female,86443.13
824,Fonz,Soitoux,fsoitouxmv@wisc.edu,Male,84395.39
825,Shelby,Dreye,sdreyemw@wordpress.com,Male,99536.91
826,Derek,Treversh,dtrevershmx@smh.com.au,Male,74751.98
827,Elise,Fairburn,efairburnmy@mapy.cz,Female,98063.30
828,Penny,Basten,pbastenmz@google.ru,Female,15946.63
829,Carmella,Heelis,cheelisn0@merriam-webster.com,Female,47010.39
830,Egbert,Presdie,epresdien1@sfgate.com,Male,17831.98
831,Dyane,Muncie,dmuncien2@amazon.co.jp,Female,84047.33
832,Jayme,Howden,jhowdenn3@virginia.edu,Male,55923.35
833,Dukie,Richards,drichardsn4@behance.net,Male,63292.01
834,Amber,Bysh,abyshn5@comcast.net,Female,51003.23
835,Archambault,Stive,astiven6@mit.edu,Male,20651.11
836,Gasper,Forgan,gforgann7@imageshack.us,Male,39757.11
837,Yelena,Ambrogioni,yambrogionin8@jimdo.com,Female,68284.48
838,Selinda,Hicklingbottom,shicklingbottomn9@bbb.org,Female,29273.84
839,Clarence,Haine,chainena@bloglovin.com,Male,61518.97
840,Nicky,Bestman,nbestmannb@wordpress.org,Male,93355.99
841,Judye,Gladeche,jgladechenc@census.gov,Female,94377.97
842,Carce,Kender,ckendernd@godaddy.com,Male,29245.66
843,Lesley,Breen,lbreenne@reuters.com,Male,25066.82
844,Christean,Daoust,cdaoustnf@noaa.gov,Female,83086.97
845,Gerianna,Mountjoy,gmountjoyng@salon.com,Female,83765.41
846,Edin,Sleigh,esleighnh@cnn.com,Female,37995.60
847,Garner,Deek,gdeekni@sciencedaily.com,Male,83958.52
848,Elonore,Enga,eenganj@independent.co.uk,Female,37016.92
849,Brennen,Steiner,bsteinernk@vk.com,Male,89682.07
850,Franz,Rolles,frollesnl@toplist.cz,Male,83554.49
851,Hildagard,De-Ville,hdevillenm@europa.eu,Female,45078.89
852,Germayne,Chippendale,gchippendalenn@yahoo.com,Male,21811.41
853,Andy,De la Harpe,adelaharpeno@marriott.com,Female,74214.55
854,Kym,Gonneau,kgonneaunp@symantec.com,Female,66969.74
855,Gloria,Fanton,gfantonnq@europa.eu,Female,14513.25
856,Trumann,Paullin,tpaullinnr@pinterest.com,Male,44147.03
857,Horatia,Jeskin,hjeskinns@barnesandnoble.com,Female,13385.13
858,Ravi,Luxford,rluxfordnt@rakuten.co.jp,Male,39849.94
859,Lora,Althrop,lalthropnu@europa.eu,Female,64897.21
860,Moises,Nolda,mnoldanv@pen.io,Male,13059.89
861,Reinaldos,Masham,rmashamnw@cbc.ca,Male,59302.91
862,Eduardo,Di Pietro,edipietronx@berkeley.edu,Male,84347.03
863,Karyn,Tawn,ktawnny@bloglines.com,Female,67710.08
864,Brina,Marmyon,bmarmyonnz@amazon.co.jp,Female,15160.19
865,Idalia,Thompstone,ithompstoneo0@auda.org.au,Female,44162.91
866,Terri-jo,Inggall,tinggallo1@amazon.de,Female,65514.92
867,Verge,Casarini,vcasarinio2@abc.net.au,Male,41322.86
868,Chandler,Godbold,cgodboldo3@addtoany.com,Male,92834.91
869,Clerc,Soutar,csoutaro4@dyndns.org,Male,33436.06
870,Ania,Savile,asavileo5@tuttocitta.it,Female,81883.71
871,Edna,Callum,ecallumo6@shutterfly.com,Female,77982.73
872,Benjie,Metham,bmethamo7@storify.com,Male,40260.60
873,Gwendolyn,Churchard,gchurchardo8@wikia.com,Female,64960.11
874,Marc,Filipson,mfilipsono9@mediafire.com,Male,53329.44
875,Almeda,Meigh,ameighoa@dion.ne.jp,Female,77064.89
876,Townie,Rosiello,trosielloob@who.int,Male,83510.15
877,Dulsea,Adkins,dadkinsoc@eepurl.com,Female,56265.37
878,Vallie,Rogez,vrogezod@amazon.co.uk,Female,47183.19
879,Carlye,Caldaro,ccaldarooe@gov.uk,Female,48857.31
880,Fianna,Jallin,fjallinof@jigsy.com,Female,21751.37
881,Brock,Gribbins,bgribbinsog@mozilla.org,Male,73392.28
882,Orren,Morffew,omorffewoh@github.io,Male,47927.55
883,Dolores,Prebble,dprebbleoi@pinterest.com,Female,22724.04
884,Derick,Harback,dharbackoj@stumbleupon.com,Male,65822.04
885,Allx,Phibb,aphibbok@soundcloud.com,Female,63859.86
886,Wade,Sambiedge,wsambiedgeol@yandex.ru,Male,92390.64
887,Brinna,Gisbye,bgisbyeom@reuters.com,Female,38199.11
888,Tracy,Botha,tbothaon@reuters.com,Male,68416.96
889,Peterus,McKeighan,pmckeighanoo@usgs.gov,Male,86871.29
890,Charmine,Danielovitch,cdanielovitchop@census.gov,Female,83570.40
891,Anthea,Tomik,atomikoq@t-online.de,Female,70156.04
892,Efren,Sidnell,esidnellor@dagondesign.com,Male,24620.85
893,Cary,Ackroyd,cackroydos@mit.edu,Male,59541.99
894,Cathlene,Severs,cseversot@unesco.org,Female,16192.20
895,Felicle,Bracken,fbrackenou@bigcartel.com,Female,11317.33
896,Carlene,Elias,celiasov@g.co,Female,42715.35
897,Engelbert,McGriffin,emcgriffinow@un.org,Male,35245.55
898,Lyon,Dudliston,ldudlistonox@soundcloud.com,Male,33055.70
899,Marie-ann,Bugbird,mbugbirdoy@digg.com,Female,58818.30
900,Alastair,Rebbeck,arebbeckoz@feedburner.com,Male,19839.72
901,Madelle,Vlasov,mvlasovp0@google.com.br,Female,12172.27
902,Leeanne,Doornbos,ldoornbosp1@mlb.com,Female,82284.82
903,Gwendolin,Iacivelli,giacivellip2@mozilla.com,Female,98070.78
904,Dalton,Duce,dducep3@ifeng.com,Male,44209.75
905,Omero,Westwell,owestwellp4@netvibes.com,Male,64684.37
906,Georges,Bools,gboolsp5@indiatimes.com,Male,54538.95
907,Denna,Bradnam,dbradnamp6@tamu.edu,Female,81449.63
908,Berrie,Maasze,bmaaszep7@oaic.gov.au,Female,56710.58
909,Bryon,Andrivel,bandrivelp8@storify.com,Male,47250.68
910,Melissa,Chavrin,mchavrinp9@mail.ru,Female,53047.93
911,Johnette,Shillinglaw,jshillinglawpa@yellowbook.com,Female,56766.61
912,Josy,Tomsa,jtomsapb@ucoz.ru,Female,67679.58
913,Emmy,Bartolic,ebartolicpc@discovery.com,Male,63539.59
914,Shurlocke,Hews,shewspd@stanford.edu,Male,71022.71
915,Aili,Bleyman,ableymanpe@earthlink.net,Female,66029.88
916,Tome,Peres,tperespf@auda.org.au,Male,82708.96
917,Wildon,O'Leahy,woleahypg@epa.gov,Male,14523.35
918,Harlin,Thurstan,hthurstanph@springer.com,Male,38097.00
919,Tess,Sproson,tsprosonpi@meetup.com,Female,22319.21
920,Jany,Prescote,jprescotepj@ehow.com,Female,78713.37
921,Teodoor,Gerritzen,tgerritzenpk@xrea.com,Male,56155.56
922,Tildy,Skoughman,tskoughmanpl@howstuffworks.com,Female,24666.35
923,Mildrid,Looker,mlookerpm@imageshack.us,Female,49196.20
924,Kelly,Le Strange,klestrangepn@vimeo.com,Female,72191.24
925,Kaitlynn,Robillart,krobillartpo@lulu.com,Female,90152.11
926,Giavani,Clemintoni,gclemintonipp@bluehost.com,Male,63873.74
927,Carmine,Rittmeier,crittmeierpq@ask.com,Male,18165.04
928,Jacenta,Upson,jupsonpr@miibeian.gov.cn,Female,24701.07
929,Hanni,Kirkebye,hkirkebyeps@who.int,Female,12347.15
930,Lalo,Pretley,lpretleypt@slashdot.org,Male,14751.43
931,Pollyanna,Ielden,pieldenpu@who.int,Female,67852.00
932,Lane,Studdeard,lstuddeardpv@narod.ru,Female,74857.53
933,Bella,Guilleton,bguilletonpw@examiner.com,Female,86652.63
934,Dreddy,Pexton,dpextonpx@icq.com,Female,42976.97
935,Penrod,Renac,prenacpy@about.me,Male,21684.75
936,Viviene,Ingamells,vingamellspz@rambler.ru,Female,64467.60
937,Stanislaus,Stollenhof,sstollenhofq0@usatoday.com,Male,99163.58
938,Barby,Myner,bmynerq1@bluehost.com,Female,32770.25
939,Goldy,Bremmer,gbremmerq2@wikimedia.org,Female,78877.08
940,Giffie,Oakwell,goakwellq3@yellowpages.com,Male,45266.73
941,Marcello,Boldison,mboldisonq4@amazonaws.com,Male,27032.84
942,Roobbie,Jorger,rjorgerq5@t-online.de,Female,16743.64
943,Fianna,Jillions,fjillionsq6@homestead.com,Female,96054.08
944,Anders,Halwell,ahalwellq7@ocn.ne.jp,Male,60109.63
945,Giana,Barnwell,gbarnwellq8@globo.com,Female,62595.06
946,Dewey,Giacobbo,dgiacobboq9@disqus.com,Male,14666.94
947,Correy,Farfalameev,cfarfalameevqa@scribd.com,Male,13294.67
948,Coleen,Ong,congqb@desdev.cn,Female,75900.56
949,Conrad,Knevit,cknevitqc@gravatar.com,Male,58810.91
950,Harley,Dumphrey,hdumphreyqd@cbc.ca,Female,23317.20
951,Brewer,Treacy,btreacyqe@edublogs.org,Male,54396.04
952,Jessi,McGinny,jmcginnyqf@apache.org,Female,40549.06
953,Lindsy,Sweedy,lsweedyqg@simplemachines.org,Female,62414.88
954,Griselda,Josefson,gjosefsonqh@cargocollective.com,Female,53010.15
955,Vasilis,Gerretsen,vgerretsenqi@google.cn,Male,40115.70
956,Urbain,Cyseley,ucyseleyqj@360.cn,Male,44868.04
957,Mayor,Puleque,mpulequeqk@microsoft.com,Male,21971.81
958,Linn,Haken,lhakenql@arizona.edu,Female,41594.20
959,Rogers,Tallboy,rtallboyqm@vk.com,Male,99345.25
960,Sarine,Measures,smeasuresqn@pagesperso-orange.fr,Female,90636.75
961,Hewett,Greason,hgreasonqo@mediafire.com,Male,74508.17
962,Maury,Betun,mbetunqp@ft.com,Male,57273.72
963,Consuela,Gilham,cgilhamqq@typepad.com,Female,41689.22
964,Adara,Elner,aelnerqr@xinhuanet.com,Female,13125.92
965,Randy,Ohms,rohmsqs@cnbc.com,Female,49028.17
966,Jan,Stollmeyer,jstollmeyerqt@moonfruit.com,Female,29136.36
967,Amos,Benesevich,abenesevichqu@joomla.org,Male,84695.21
968,Jere,Newport,jnewportqv@cbsnews.com,Male,80409.44
969,Esmeralda,Reboulet,erebouletqw@tumblr.com,Female,40082.28
970,Sanders,Derr,sderrqx@craigslist.org,Male,38150.02
971,Joleen,Ghiroldi,jghiroldiqy@businessweek.com,Female,95770.87
972,Ardith,Joerning,ajoerningqz@webeden.co.uk,Female,34698.97
973,Sanford,Mailes,smailesr0@netlog.com,Male,40314.12
974,Hartley,Mussett,hmussettr1@cargocollective.com,Male,37368.82
975,Skipp,Streak,sstreakr2@wikipedia.org,Male,88725.07
976,Anastasia,Bayless,abaylessr3@howstuffworks.com,Female,61726.47
977,Ethelred,Cleminshaw,ecleminshawr4@hatena.ne.jp,Male,48746.83
978,Kalinda,Sinnott,ksinnottr5@census.gov,Female,17133.00
979,Bastian,Heading,bheadingr6@goodreads.com,Male,26758.65
980,Elvis,Castle,ecastler7@paypal.com,Male,45995.98
981,Julia,Armatys,jarmatysr8@nytimes.com,Female,62022.46
982,Reinaldo,Janatka,rjanatkar9@elegantthemes.com,Male,53101.69
983,Kyla,Glascott,kglascottra@bigcartel.com,Female,10626.26
984,Winfred,Worgan,wworganrb@sakura.ne.jp,Male,42287.71
985,Reginauld,Seccombe,rseccomberc@seesaa.net,Male,12218.24
986,Mireielle,Levett,mlevettrd@nsw.gov.au,Female,13865.44
987,Rancell,Siburn,rsiburnre@studiopress.com,Male,70132.32
988,Emilio,Abyss,eabyssrf@engadget.com,Male,59007.68
989,Cazzie,Gaudon,cgaudonrg@plala.or.jp,Male,46020.01
990,Maddalena,Acreman,macremanrh@thetimes.co.uk,Female,91624.35
991,Grantley,Unworth,gunworthri@google.co.uk,Male,16902.27
992,Terrill,Custy,tcustyrj@youku.com,Male,42849.45
993,Hi,Stephenson,hstephensonrk@free.fr,Male,64398.72
994,Ericha,Dockwra,edockwrarl@lycos.com,Female,18711.24
995,Javier,Palatini,jpalatinirm@free.fr,Male,56631.77
996,Odille,Shailer,oshailerrn@stumbleupon.com,Female,38548.70
997,Etheline,Wellman,ewellmanro@whitehouse.gov,Female,65807.62
998,Morissa,Jimmes,mjimmesrp@opensource.org,Female,79885.26
999,Eadmund,Whiteside,ewhitesiderq@jalbum.net,Male,91230.73
1000,Randal,Efford,reffordrr@cdbaby.com,Male,25326.22
